relative_path,native_elements,pilot_elements,exact_pairs,mismatched_pairs,native_only,pilot_only
sysml/src/examples/Simple Tests/ActionTest.sysml,53,1313,0,35,18,1278
sysml/src/examples/Simple Tests/AliasTest.sysml,19,119,0,18,1,101
sysml/src/examples/Simple Tests/AllocationTest.sysml,35,239,0,35,0,204
sysml/src/examples/Simple Tests/AnalysisTest.sysml,19,257,0,15,4,242
sysml/src/examples/Simple Tests/AssignmentTest.sysml,58,1723,0,34,24,1689
sysml/src/examples/Simple Tests/CalculationTest.sysml,18,833,0,16,2,817
sysml/src/examples/Simple Tests/CommentTest.sysml,6,42,0,4,2,38
sysml/src/examples/Simple Tests/ConjugationTest.sysml,22,220,0,21,1,199
sysml/src/examples/Simple Tests/ConnectionTest.sysml,87,609,0,80,7,529
sysml/src/examples/Simple Tests/ConstraintTest.sysml,74,2738,0,53,21,2685
sysml/src/examples/Simple Tests/ControlNodeTest.sysml,41,331,0,29,12,302
sysml/src/examples/Simple Tests/DecisionTest.sysml,14,909,0,9,5,900
sysml/src/examples/Simple Tests/DefaultValueTest.sysml,9,153,0,9,0,144
sysml/src/examples/Simple Tests/DependencyTest.sysml,12,27,0,11,1,16
sysml/src/examples/Simple Tests/EnumerationTest.sysml,24,326,0,18,6,308
sysml/src/examples/Simple Tests/FeaturePathTest.sysml,35,412,0,29,6,383
sysml/src/examples/Simple Tests/ImportTest.sysml,12,25,0,8,4,17
sysml/src/examples/Simple Tests/IndividualTest.sysml,22,153,0,22,0,131
sysml/src/examples/Simple Tests/InterfaceTest.sysml,22,211,0,20,2,191
sysml/src/examples/Simple Tests/ItemTest.sysml,13,91,0,12,1,79
sysml/src/examples/Simple Tests/MetadataTest.sysml,22,300,0,15,7,285
sysml/src/examples/Simple Tests/MultiplicityTest.sysml,13,208,0,13,0,195
sysml/src/examples/Simple Tests/OccurrenceTest.sysml,22,148,0,22,0,126
sysml/src/examples/Simple Tests/ParameterTest.sysml,13,416,0,13,0,403
sysml/src/examples/Simple Tests/PartTest.sysml,43,380,0,42,1,338
sysml/src/examples/Simple Tests/RequirementTest.sysml,41,361,0,37,4,324
sysml/src/examples/Simple Tests/RootPackageTest.sysml,8,19,0,6,2,13
sysml/src/examples/Simple Tests/StateTest.sysml,77,1002,0,44,33,958
sysml/src/examples/Simple Tests/StructuredControlTest.sysml,51,1724,0,18,33,1706
sysml/src/examples/Simple Tests/TextualRepresentationTest.sysml,12,50,0,11,1,39
sysml/src/examples/Simple Tests/TradeStudyTest.sysml,13,204,0,9,4,195
sysml/src/examples/Simple Tests/UseCaseTest.sysml,28,237,0,24,4,213
sysml/src/examples/Simple Tests/VariabilityTest.sysml,23,133,0,23,0,110
sysml/src/examples/Simple Tests/VerificationTest.sysml,19,309,0,14,5,295
sysml/src/examples/Simple Tests/ViewTest.sysml,26,198,0,18,8,180
kerml/src/examples/Simple Tests/ArgumentResolution.kerml,14,126,0,12,2,114
kerml/src/examples/Simple Tests/Associations.kerml,22,170,0,22,0,148
kerml/src/examples/Simple Tests/Behaviors.kerml,20,316,0,18,2,298
kerml/src/examples/Simple Tests/Circular.kerml,8,24,0,7,1,17
kerml/src/examples/Simple Tests/Classes.kerml,19,97,0,19,0,78
kerml/src/examples/Simple Tests/Classifications.kerml,7,449,0,7,0,442
kerml/src/examples/Simple Tests/Classifiers.kerml,11,37,0,11,0,26
kerml/src/examples/Simple Tests/Comments.kerml,2,42,0,1,1,41
kerml/src/examples/Simple Tests/Conjugation.kerml,5,16,0,5,0,11
kerml/src/examples/Simple Tests/Connectors.kerml,65,299,0,65,0,234
kerml/src/examples/Simple Tests/Dependencies.kerml,13,28,0,12,1,16
kerml/src/examples/Simple Tests/Expansion.kerml,3,235,0,2,1,233
kerml/src/examples/Simple Tests/Expressions.kerml,58,5572,0,54,4,5518
kerml/src/examples/Simple Tests/FeatureChains.kerml,49,255,0,48,1,207
kerml/src/examples/Simple Tests/FeatureInheritance.kerml,4,14,0,4,0,10
kerml/src/examples/Simple Tests/Features.kerml,52,406,0,52,0,354
kerml/src/examples/Simple Tests/Filtering.kerml,29,1140,0,17,12,1123
kerml/src/examples/Simple Tests/Imports.kerml,28,66,0,23,5,43
kerml/src/examples/Simple Tests/Inheritance.kerml,8,30,0,8,0,22
kerml/src/examples/Simple Tests/Inverses.kerml,12,39,0,12,0,27
kerml/src/examples/Simple Tests/MetadataTest.kerml,32,606,0,26,6,580
kerml/src/examples/Simple Tests/Redefinition.kerml,12,44,0,12,0,32
kerml/src/examples/Simple Tests/Scoping.kerml,24,74,0,24,0,50
kerml/src/examples/Simple Tests/TextualRepresentation.kerml,13,33,0,12,1,21
kerml/src/examples/Simple Tests/Types.kerml,23,81,0,23,0,58
sysml/src/validation/15-Properties-Values-Expressions/15_01-Constants.sysml,19,963,0,14,5,949
sysml/src/validation/15-Properties-Values-Expressions/15_02-Basic Value Properties.sysml,12,133,0,10,2,123
sysml/src/validation/15-Properties-Values-Expressions/15_03-Value Expression.sysml,18,1157,0,15,3,1142
sysml/src/validation/15-Properties-Values-Expressions/15_04-Logical Expressions.sysml,14,828,0,13,1,815
sysml/src/validation/15-Properties-Values-Expressions/15_05-Unification of Expression and Constraint Definition.sysml,25,1247,0,20,5,1227
sysml/src/validation/15-Properties-Values-Expressions/15_06-System of Quantities.sysml,2,8,0,1,1,7
sysml/src/validation/15-Properties-Values-Expressions/15_07-System of Units and Scales.sysml,3,9,0,1,2,8
sysml/src/validation/15-Properties-Values-Expressions/15_08-Range Restriction.sysml,10,439,0,6,4,433
sysml/src/validation/15-Properties-Values-Expressions/15_10-Primitive Data Types.sysml,33,662,0,21,12,641
sysml/src/validation/15-Properties-Values-Expressions/15_11-Variable Length Collection Types.sysml,19,98,0,17,2,81
sysml/src/validation/15-Properties-Values-Expressions/15_12-Compound Value Type.sysml,17,253,0,15,2,238
sysml/src/validation/15-Properties-Values-Expressions/15_13-Discretely Sampled Function Value.sysml,58,2765,0,25,33,2740
sysml/src/validation/15-Properties-Values-Expressions/15_19-Materials with Properties.sysml,49,1689,0,38,11,1651
sysml/src/validation/15-Properties-Values-Expressions/15_19a-Materials with Properties.sysml,50,1987,0,30,20,1957
kerml/src/examples/KerML Spec Annex A Examples/A-2-Atoms.kerml,6,73,0,4,2,69
kerml/src/examples/KerML Spec Annex A Examples/A-2-ModelingInstances.kerml,18,98,0,12,6,86
kerml/src/examples/KerML Spec Annex A Examples/A-3-2-WithoutConnectors.kerml,16,77,0,9,7,68
kerml/src/examples/KerML Spec Annex A Examples/A-3-3-OneToOneConnectors.kerml,40,245,0,26,14,219
kerml/src/examples/KerML Spec Annex A Examples/A-3-4-OneToUnrestrictedConnectors.kerml,40,263,0,27,13,236
kerml/src/examples/KerML Spec Annex A Examples/A-3-5-TimingForStructures.kerml,127,755,0,77,50,678
kerml/src/examples/KerML Spec Annex A Examples/A-3-6-Sequences.kerml,51,326,0,39,12,287
kerml/src/examples/KerML Spec Annex A Examples/A-3-7-DecisionsAndMerges.kerml,114,900,0,92,22,808
kerml/src/examples/KerML Spec Annex A Examples/A-3-8-ChangingFeatureValues.kerml,141,1857,0,109,32,1748
sysml/src/validation/03-Function-based Behavior/3a-Function-based Behavior-1.sysml,98,675,0,54,44,621
sysml/src/validation/03-Function-based Behavior/3a-Function-based Behavior-2.sysml,82,631,0,49,33,582
sysml/src/validation/03-Function-based Behavior/3a-Function-based Behavior-3.sysml,63,474,0,48,15,426
sysml/src/validation/03-Function-based Behavior/3c-Function-based Behavior-structure mod-1.sysml,31,514,0,27,4,487
sysml/src/validation/03-Function-based Behavior/3c-Function-based Behavior-structure mod-2.sysml,27,249,0,27,0,222
sysml/src/validation/03-Function-based Behavior/3c-Function-based Behavior-structure mod-3.sysml,21,373,0,17,4,356
sysml/src/validation/03-Function-based Behavior/3d-Function-based Behavior-item.sysml,47,692,0,37,10,655
sysml/src/validation/03-Function-based Behavior/3e-Function-based Behavior-item.sysml,34,497,0,27,7,470
sysml/src/training/31. Constraints/Analytical Constraints.sysml,31,1540,0,29,2,1511
sysml/src/training/31. Constraints/Constraint Assertions-1.sysml,18,642,0,15,3,627
sysml/src/training/31. Constraints/Constraint Assertions-2.sysml,22,674,0,19,3,655
sysml/src/training/31. Constraints/Constraints Example-1.sysml,18,641,0,15,3,626
sysml/src/training/31. Constraints/Constraints Example-2.sysml,18,645,0,13,5,632
sysml/src/training/31. Constraints/Derivation Constraints.sysml,14,1279,0,12,2,1267
sysml/src/training/31. Constraints/Time Constraints.sysml,39,1420,0,20,19,1400
sysml/src/training/27. Occurrences/Event Occurrence Example.sysml,17,148,0,17,0,131
sysml/src/training/27. Occurrences/Interaction Example-1.sysml,29,170,0,14,15,156
sysml/src/training/27. Occurrences/Interaction Example-2.sysml,29,241,0,28,1,213
sysml/src/training/27. Occurrences/Interaction Realization-1.sysml,50,994,0,43,7,951
sysml/src/training/27. Occurrences/Interaction Realization-2.sysml,53,728,0,46,7,682
sysml/src/training/27. Occurrences/Message Payload Example.sysml,38,398,0,21,17,377
sysml/src/training/27. Occurrences/Time Slice and Snapshot Example.sysml,16,238,0,14,2,224
sysml/src/examples/Interaction Sequencing Examples/ServerSequenceModel.sysml,37,304,0,29,8,275
sysml/src/examples/Interaction Sequencing Examples/ServerSequenceModelOutside.sysml,13,621,0,11,2,610
sysml/src/examples/Interaction Sequencing Examples/ServerSequenceOutsideRealization-2.sysml,101,1835,0,52,49,1783
sysml/src/examples/Interaction Sequencing Examples/ServerSequenceOutsideRealization-3.sysml,120,2739,0,114,6,2625
sysml/src/examples/Interaction Sequencing Examples/ServerSequenceRealization-2.sysml,110,1818,0,64,46,1754
sysml/src/examples/Interaction Sequencing Examples/ServerSequenceRealization-3.sysml,114,2575,0,108,6,2467
sysml/src/examples/Geometry Examples/CarWithEnvelopingShape.sysml,9,332,0,3,6,329
sysml/src/examples/Geometry Examples/CarWithShapeAndCSG.sysml,50,3513,0,20,30,3493
sysml/src/examples/Geometry Examples/ExternalShapeRefExample.sysml,18,429,0,7,11,422
sysml/src/examples/Geometry Examples/SimpleQuadcopter.sysml,122,13403,0,58,64,13345
sysml/src/examples/Geometry Examples/VehicleGeometryAndCoordinateFrames.sysml,69,7122,0,46,23,7076
sysml/src/examples/Metadata Examples/IssueMetadataExample.sysml,20,311,0,16,4,295
sysml/src/examples/Metadata Examples/RationaleMetadataExample.sysml,12,240,0,8,4,232
sysml/src/examples/Metadata Examples/RequirementMetadataExample.sysml,13,418,0,6,7,412
sysml/src/examples/Metadata Examples/RiskMetadataExample.sysml,6,214,0,2,4,212
sysml/src/examples/Metadata Examples/VerificationMetadataExample.sysml,9,200,0,4,5,196
sysml/src/training/17. Control/Camera.sysml,19,182,0,16,3,166
sysml/src/training/17. Control/Control Structures Example.sysml,24,495,0,19,5,476
sysml/src/training/17. Control/Decision Example.sysml,22,664,0,17,5,647
sysml/src/training/17. Control/Fork Join Example.sysml,46,347,0,34,12,313
sysml/src/training/17. Control/Merge Example.sysml,44,414,0,35,9,379
kerml/src/examples/Mass Roll-up Example/MassRollup_1.kerml,6,223,0,5,1,218
kerml/src/examples/Mass Roll-up Example/MassRollup_2.kerml,8,224,0,6,2,218
kerml/src/examples/Mass Roll-up Example/Vehicles_1.kerml,21,139,0,18,3,121
kerml/src/examples/Mass Roll-up Example/Vehicles_2.kerml,18,139,0,15,3,124
kerml/src/examples/Mass Roll-up Example/Vehicles_3.kerml,23,228,0,20,3,208
sysml/src/examples/Import Tests/AliasImport.sysml,6,16,0,5,1,11
sysml/src/examples/Import Tests/CircularImport.sysml,17,45,0,13,4,32
sysml/src/examples/Import Tests/PrivateImportTest.sysml,14,33,0,10,4,23
sysml/src/examples/Import Tests/QualifiedNameImportTest.sysml,7,17,0,6,1,11
sysml/src/training/29. Expressions/Car Mass Rollup Example 1.sysml,17,387,0,14,3,373
sysml/src/training/29. Expressions/Car Mass Rollup Example 2.sysml,17,385,0,14,3,371
sysml/src/training/29. Expressions/MassRollup1.sysml,10,295,0,9,1,286
sysml/src/training/29. Expressions/MassRollup2.sysml,11,663,0,10,1,653
sysml/src/validation/13-Model Containment/13a-Model Containment.sysml,23,38,0,9,14,29
sysml/src/validation/13-Model Containment/13b-Safety and Security Features Element Group-1.sysml,40,867,0,27,13,840
sysml/src/validation/13-Model Containment/13b-Safety and Security Features Element Group-2.sysml,36,875,0,23,13,852
sysml/src/validation/13-Model Containment/13b-Safety and Security Features Element Group.sysml,21,132,0,14,7,118
sysml/src/examples/Arrowhead Framework Example/AHFCoreLib.sysml,29,251,0,22,7,229
sysml/src/examples/Arrowhead Framework Example/AHFNorwayTopics.sysml,185,3228,0,121,64,3107
sysml/src/examples/Arrowhead Framework Example/AHFProfileLib.sysml,61,768,0,39,22,729
sysml/src/examples/Arrowhead Framework Example/AHFSequences.sysml,147,1974,0,111,36,1863
sysml/src/examples/Analysis Examples/AnalysisAnnotation.sysml,28,469,0,12,16,457
sysml/src/examples/Analysis Examples/Dynamics.sysml,72,4129,0,64,8,4065
sysml/src/examples/Analysis Examples/Turbojet Stage Analysis.sysml,82,2967,0,70,12,2897
sysml/src/examples/Analysis Examples/Vehicle Analysis Demo.sysml,176,7377,0,142,34,7235
sysml/src/training/14. Action Definitions/Action Definition Example.sysml,30,171,0,5,25,166
sysml/src/training/14. Action Definitions/Action Shorthand Example.sysml,24,268,0,22,2,246
sysml/src/training/14. Action Definitions/Action Succession Example-1.sysml,33,220,0,25,8,195
sysml/src/training/14. Action Definitions/Action Succession Example-2.sysml,28,198,0,24,4,174
sysml/src/training/32. Requirements/Requirement Definitions.sysml,28,664,0,21,7,643
sysml/src/training/32. Requirements/Requirement Groups.sysml,22,264,0,16,6,248
sysml/src/training/32. Requirements/Requirement Satisfaction.sysml,18,183,0,16,2,167
sysml/src/training/32. Requirements/Requirement Usages.sysml,15,656,0,11,4,645
kerml/src/examples/Variable Feature Examples/Enhancements/ExtendedOccurrences.kerml,50,438,0,50,0,388
kerml/src/examples/Variable Feature Examples/Enhancements/Moments.kerml,19,140,0,8,11,132
kerml/src/examples/Variable Feature Examples/Enhancements/TimeVaryingFeaturesEnhanced.kerml,49,444,0,46,3,398
kerml/src/examples/Variable Feature Examples/Enhancements/TimeVaryingSteps.kerml,50,461,0,46,4,415
sysml/src/validation/10-Analysis and Trades/10a-Analysis.sysml,35,831,0,25,10,806
sysml/src/validation/10-Analysis and Trades/10b-Trade-off Among Alternative Configurations.sysml,63,1162,0,56,7,1106
sysml/src/validation/10-Analysis and Trades/10c-Fuel Economy Analysis.sysml,97,2463,0,74,23,2389
sysml/src/validation/10-Analysis and Trades/10d-Dynamics Analysis.sysml,64,2536,0,50,14,2486
sysml/src/examples/Vehicle Example/SysML v2 Spec Annex A SimpleVehicleModel.sysml,1440,29592,0,1150,290,28442
sysml/src/examples/Vehicle Example/VehicleDefinitions.sysml,36,191,0,24,12,167
sysml/src/examples/Vehicle Example/VehicleIndividuals.sysml,43,474,0,26,17,448
sysml/src/examples/Vehicle Example/VehicleUsages.sysml,71,1359,0,59,12,1300
sysml/src/training/33. Analysis/Analysis Case Definition Example.sysml,37,2895,0,29,8,2866
sysml/src/training/33. Analysis/Analysis Case Usage Example.sysml,18,540,0,17,1,523
sysml/src/training/33. Analysis/Trade Study Analysis Example.sysml,43,915,0,39,4,876
sysml/src/training/25. Transitions/Change and Time Triggers.sysml,53,1584,0,25,28,1559
sysml/src/training/25. Transitions/Local Clock Example.sysml,45,846,0,24,21,822
sysml/src/training/25. Transitions/Transition Actions.sysml,49,598,0,30,19,568
sysml/src/training/30. Calculations/Calculation Definitions.sysml,27,1269,0,25,2,1244
sysml/src/training/30. Calculations/Calculation Usages-1.sysml,30,1018,0,27,3,991
sysml/src/training/30. Calculations/Calculation Usages-2.sysml,19,1032,0,14,5,1018
sysml/src/training/28. Individuals/Individuals and Roles-1.sysml,12,101,0,11,1,90
sysml/src/training/28. Individuals/Individuals and Snapshots Example.sysml,16,219,0,5,11,214
sysml/src/training/28. Individuals/Individuals and Time Slices.sysml,13,132,0,10,3,122
sysml/src/validation/14-Language Extensions/14a-Language Extensions.sysml,15,156,0,11,4,145
sysml/src/validation/14-Language Extensions/14b-Language Extensions.sysml,35,230,0,32,3,198
sysml/src/validation/14-Language Extensions/14c-Language Extensions.sysml,141,1754,0,102,39,1652
sysml/src/validation/12-Dependency Relationships/12a-Dependency.sysml,10,24,0,10,0,14
sysml/src/validation/12-Dependency Relationships/12b-Allocation-1.sysml,43,552,0,39,4,513
sysml/src/validation/12-Dependency Relationships/12b-Allocation.sysml,24,125,0,22,2,103
sysml/src/training/01. Packages/Comment Example.sysml,4,17,0,4,0,13
sysml/src/training/01. Packages/Documentation Example.sysml,4,14,0,2,2,12
sysml/src/training/01. Packages/Package Example.sysml,4,10,0,2,2,8
sysml/src/examples/Requirements Examples/HSUVRequirements.sysml,28,123,0,27,1,96
sysml/src/examples/Requirements Examples/RequirementDerivationExample.sysml,21,343,0,20,1,323
sysml/src/examples/Requirements Examples/VehicleRequirementDerivation.sysml,20,544,0,18,2,526
sysml/src/training/36. Variability/Variation Configuration.sysml,8,194,0,7,1,187
sysml/src/training/36. Variability/Variation Definitions.sysml,18,306,0,16,2,290
sysml/src/training/36. Variability/Variation Usages.sysml,12,686,0,11,1,675
sysml/src/training/41. Language Extension/Model Library Example.sysml,20,179,0,16,4,163
sysml/src/training/41. Language Extension/Semantic Metadata Example.sysml,13,325,0,6,7,319
sysml/src/training/41. Language Extension/User Keyword Example.sysml,26,400,0,21,5,379
sysml/src/training/13. Flows/Flow Definition Example.sysml,11,121,0,10,1,111
sysml/src/training/13. Flows/Flow Interface Example.sysml,24,167,0,19,5,148
sysml/src/training/13. Flows/Flow Usage Example.sysml,14,125,0,9,5,116
sysml/src/validation/05-State-based Behavior/5-State-based Behavior-1.sysml,159,2120,0,87,72,2033
sysml/src/validation/05-State-based Behavior/5-State-based Behavior-1a.sysml,161,2120,0,89,72,2031
sysml/src/validation/05-State-based Behavior/5-State-based Behavior-2.sysml,141,1952,0,80,61,1872
kerml/src/examples/Association Examples/ProductSelection_N_ary.kerml,96,1164,0,90,6,1074
kerml/src/examples/Association Examples/ProductSelection_OwnedEnds.kerml,68,794,0,64,4,730
kerml/src/examples/Association Examples/ProductSelection_UnownedEnds.kerml,35,392,0,34,1,358
sysml/src/examples/Mass Roll-up Example/MassConstraintExample.sysml,61,2181,0,58,3,2123
sysml/src/examples/Mass Roll-up Example/MassRollup.sysml,13,690,0,12,1,678
sysml/src/examples/Mass Roll-up Example/Vehicles.sysml,17,387,0,11,6,376
sysml/src/validation/07-Variant Configuration/7a-Variant Configuration - General Concept.sysml,30,630,0,30,0,600
sysml/src/validation/07-Variant Configuration/7a1-Variant Configuration - General Concept-a.sysml,51,934,0,51,0,883
sysml/src/validation/07-Variant Configuration/7b-Variant Configurations.sysml,89,2469,0,74,15,2395
sysml/src/training/24. States/State Actions.sysml,43,426,0,27,16,399
sysml/src/training/24. States/State Decomposition-1.sysml,36,323,0,19,17,304
sysml/src/training/24. States/State Decomposition-2.sysml,38,327,0,15,23,312
sysml/src/validation/01-Parts Tree/1a-Parts Tree.sysml,34,868,0,31,3,837
sysml/src/validation/01-Parts Tree/1c-Parts Tree Redefinition.sysml,32,790,0,29,3,761
sysml/src/validation/01-Parts Tree/1d-Parts Tree with Reference.sysml,20,218,0,17,3,201
sysml/src/examples/Association Examples/ProductSelection_N_ary.sysml,18,276,0,18,0,258
sysml/src/examples/Association Examples/ProductSelection_OwnedEnds.sysml,42,591,0,40,2,551
sysml/src/examples/Association Examples/ProductSelection_UnownedEnds.sysml,30,415,0,28,2,387
sysml/src/training/11. Interfaces/Interface Decomposition Example.sysml,28,220,0,24,4,196
sysml/src/training/11. Interfaces/Interface Example.sysml,14,105,0,13,1,92
sysml/src/examples/v1 Spec Examples/8.4.1 Wheel Hub Assembly/Wheel Package - Updated.sysml,53,634,0,47,6,587
sysml/src/examples/v1 Spec Examples/8.4.1 Wheel Hub Assembly/Wheel Package.sysml,56,660,0,48,8,612
sysml/src/examples/State Space Representation Examples/CartSample.sysml,38,610,0,34,4,576
sysml/src/examples/State Space Representation Examples/EVSample.sysml,211,5325,0,167,44,5158
kerml/src/examples/Variable Feature Examples/TimeVaryingCarDriver.kerml,79,607,0,78,1,529
kerml/src/examples/Variable Feature Examples/TimeVaryingFeatures.kerml,34,364,0,34,0,330
sysml/src/training/10. Ports/Port Conjugation Example.sysml,12,81,0,11,1,70
sysml/src/training/10. Ports/Port Example.sysml,17,123,0,15,2,108
sysml/src/training/21. Asynchronous Messaging/Messaging Example.sysml,31,494,0,13,18,481
sysml/src/training/21. Asynchronous Messaging/Messaging with Ports.sysml,36,586,0,32,4,554
sysml/src/validation/11-View and Viewpoint/11a-View-Viewpoint.sysml,35,621,0,27,8,594
sysml/src/validation/11-View and Viewpoint/11b-Safety and Security Feature Views.sysml,46,1051,0,29,17,1022
sysml/src/training/42. Views/Viewpoint Example.sysml,18,97,0,11,7,86
sysml/src/training/42. Views/Views Example.sysml,21,330,0,11,10,319
sysml/src/training/12. Binding Connectors/Binding Connectors Example-1.sysml,22,182,0,17,5,165
sysml/src/training/12. Binding Connectors/Binding Connectors Example-2.sysml,16,282,0,15,1,267
sysml/src/examples/Individuals Examples/AnalysisIndividualExample.sysml,62,1475,0,42,20,1433
sysml/src/examples/Individuals Examples/JohnIndividualExample.sysml,19,232,0,13,6,219
sysml/src/training/23. State Definitions/State Definition Example-1.sysml,35,319,0,18,17,301
sysml/src/training/23. State Definitions/State Definition Example-2.sysml,35,319,0,18,17,301
sysml/src/training/35. Use Cases/Use Case Definition Example.sysml,20,168,0,18,2,150
sysml/src/training/35. Use Cases/Use Case Usage Example.sysml,29,628,0,25,4,603
kerml/src/examples/Behavior Examples/Camera.kerml,9,29,0,8,1,21
kerml/src/examples/Behavior Examples/TakePicture.kerml,21,138,0,19,2,119
sysml/src/training/19. Terminate Actions/Terminate Actions Example-1.sysml,25,185,0,18,7,167
sysml/src/training/19. Terminate Actions/Terminate Actions Example-2.sysml,11,174,0,9,2,165
sysml/src/validation/17-Sequence Modeling/17a-Sequence-Modeling.sysml,28,353,0,26,2,327
sysml/src/validation/17-Sequence Modeling/17b-Sequence-Modeling.sysml,34,305,0,32,2,273
sysml/src/validation/02-Parts Interconnection/2a-Parts Interconnection.sysml,136,1499,0,109,27,1390
sysml/src/validation/02-Parts Interconnection/2c-Parts Interconnection-Multiple Decompositions.sysml,54,1062,0,51,3,1011
sysml/src/examples/Camera Example/Camera.sysml,9,67,0,8,1,59
sysml/src/examples/Camera Example/PictureTaking.sysml,13,94,0,13,0,81
kerml/src/examples/Packet Example/PacketUsage.kerml,9,30,0,7,2,23
kerml/src/examples/Packet Example/Packets.kerml,21,80,0,19,2,61
sysml/src/training/39. Metadata/Metadata Example-1.sysml,17,148,0,13,4,135
sysml/src/training/39. Metadata/Metadata Example-2.sysml,18,307,0,8,10,299
sysml/src/examples/v1 Spec Examples/8.4.5 Constraining Decomposition/Vehicle Decomposition - Updated.sysml,33,389,0,32,1,357
sysml/src/examples/v1 Spec Examples/8.4.5 Constraining Decomposition/Vehicle Decomposition.sysml,32,575,0,25,7,550
sysml/src/training/07. Parts/Parts Example-1.sysml,12,96,0,12,0,84
sysml/src/training/07. Parts/Parts Example-2.sysml,13,98,0,13,0,85
sysml/src/training/06. Enumeration Definitions/Enumeration Definitions-1.sysml,10,83,0,9,1,74
sysml/src/training/06. Enumeration Definitions/Enumeration Definitions-2.sysml,22,381,0,14,8,367
kerml/src/examples/Vehicle Example/VehicleDefinitions.kerml,19,83,0,17,2,66
kerml/src/examples/Vehicle Example/VehicleUsages.kerml,73,888,0,66,7,822
sysml/src/training/16. Conditional Succession/Conditional Succession Example-1.sysml,29,409,0,26,3,383
sysml/src/training/16. Conditional Succession/Conditional Succession Example-2.sysml,28,409,0,26,2,383
sysml/src/training/38. Allocation/Allocation Definition Example.sysml,27,137,0,26,1,111
sysml/src/training/38. Allocation/Allocation Usage Example.sysml,28,144,0,27,1,117
sysml/src/examples/Cause and Effect Examples/CauseAndEffectExample.sysml,58,512,0,56,2,456
sysml/src/examples/Cause and Effect Examples/MedicalDeviceFailure.sysml,15,161,0,14,1,147
sysml/src/examples/Packet Example/PacketUsage.sysml,9,37,0,7,2,30
sysml/src/examples/Packet Example/Packets.sysml,21,141,0,19,2,122
sysml/src/training/40. Filtering/Filtering Example-1.sysml,27,592,0,20,7,572
sysml/src/training/40. Filtering/Filtering Example-2.sysml,25,596,0,18,7,578
sysml/src/training/34. Verification/Verification Case Definition Example.sysml,24,953,0,21,3,932
sysml/src/training/34. Verification/Verification Case Usage Example.sysml,28,498,0,25,3,473
sysml/src/validation/06-Individual and Snapshots/6-Individual and Snapshots.sysml,92,1417,0,61,31,1356
kerml/src/examples/Address Book Example/AddressBookModel.kerml,7,33,0,6,1,27
sysml/src/examples/Room Model/RoomModel.sysml,43,421,0,35,8,386
sysml/src/validation/09-Verification/9-Verification-simplified.sysml,61,1487,0,52,9,1435
sysml/src/training/22. Opaque Actions/Opaque Action Example.sysml,7,39,0,7,0,32
sysml/src/validation/04-Functional Allocation/4a-Functional Allocation.sysml,53,1152,0,49,4,1103
sysml/src/training/08. Items/Items Example.sysml,9,60,0,8,1,52
kerml/src/examples/Named Collection Members Example/VehicleTanks.kerml,36,695,0,34,2,661
sysml/src/training/09. Connections/Connections Example.sysml,41,440,0,41,0,399
sysml/src/training/26. State Exhibition/State Exhibition Example.sysml,8,121,0,7,1,114
sysml/src/validation/18-Use Case/18-Use Case.sysml,51,680,0,35,16,645
sysml/src/training/02. Part Definitions/Part Definition Example.sysml,12,82,0,11,1,71
sysml/src/training/03. Generalization/Generalization Example.sysml,9,46,0,9,0,37
sysml/src/training/04. Subsetting/Subsetting Example.sysml,10,66,0,10,0,56
sysml/src/training/37. Dependencies/Dependency Example.sysml,9,40,0,9,0,31
sysml/src/validation/08-Requirements/8-Requirements.sysml,111,1870,0,90,21,1780
sysml/src/training/05. Redefinition/Redefinition Example.sysml,14,102,0,14,0,88
sysml/src/training/20. Assignment Actions/Assignment Example.sysml,40,1047,0,31,9,1016
sysml/src/training/18. Action Performance/Action Performance Example.sysml,13,81,0,12,1,69
sysml/src/examples/Comment Examples/Comments.sysml,10,25,0,7,3,18
sysml/src/examples/Flashlight Example/Flashlight Example.sysml,48,662,0,46,2,616
sysml/src/examples/Variability Examples/VehicleVariabilityModel.sysml,84,2592,0,77,7,2515
sysml/src/examples/Timeslice and Snapshot Examples/TimeVaryingAttribute.sysml,23,902,0,14,9,888
kerml/src/examples/Individuals Examples/JohnIndividualExample.kerml,33,248,0,26,7,222
sysml/src/training/15. Actions/Action Decomposition.sysml,27,266,0,25,2,241
kerml/src/examples/Massed Thing Example/MassedThings.kerml,10,93,0,9,1,84
sysml/src/examples/v1 Spec Examples/D.4.7.8 Dynamics/HSUVDynamics.sysml,59,3998,0,56,3,3942
